logNN.thrstint1_x,logNN.thrstint1_y,logNN.thrstint2_x,logNN.thrstint2_y,logNN.thrstint3_x,logNN.thrstint3_y,logNN.thrstint4_x,logNN.thrstint4_y
54658.,0.,54658.,0.,54658.,0.,54658.,0.
54758.,5629.,54758.,605.,54758.,2766.,54758.,3259.
54858.,8531.,54858.,6450.,54858.,9820.,54858.,6688.
54958.,7171.,54958.,7319.,54958.,3412.,54958.,6131.
55058.,9359.,55058.,7011.,55058.,4341.,55058.,4829.
55158.,5765.,55158.,6843.,55158.,4762.,55158.,5165.
55258.,2837.,55258.,6881.,55258.,7270.,55258.,4676.
55358.,0.,55358.,3337.,55358.,2674.,55358.,0.
55458.,2244.,55458.,5840.,55458.,1387.,55458.,2806.
55558.,10245.,55558.,0.,55558.,15880.,55558.,2751.
55658.,6207.,55658.,16853.,55658.,3574.,55658.,16653.
55758.,5173.,55758.,17454.,55758.,11235.,55758.,20243.
55858.,27004.,55858.,21479.,55858.,25344.,55858.,23365.
55958.,20873.,55958.,17297.,55958.,15579.,55958.,14468.
56058.,17834.,56058.,12566.,56058.,16867.,56058.,20607.
56158.,9090.,56158.,6487.,56158.,8722.,56158.,11662.
56258.,3864.,56258.,5160.,56258.,5386.,56258.,4330.
56358.,4127.,56358.,0.,56358.,1978.,56358.,258.
56458.,0.,56458.,0.,56458.,0.,56458.,0.
56558.,3887.,56558.,1252.,56558.,2775.,56558.,2467.
56658.,639.,56658.,0.,56658.,4786.,56658.,0.
56758.,1345.,56758.,5927.,56758.,3808.,56758.,4223.
56858.,606.,56858.,0.,56858.,202.,56858.,0.
56958.,0.,56958.,337.,56958.,0.,56958.,0.
57058.,4529.,57058.,3715.,57058.,3565.,57058.,0.
57158.,9040.,57158.,5742.,57158.,7379.,57158.,9188.
57258.,5944.,57258.,8503.,57258.,13646.,57258.,9099.
57358.,5711.,57358.,7240.,57358.,9720.,57358.,9593.
57458.,4763.,57458.,6441.,57458.,7721.,57458.,6098.
57558.,7140.,57558.,3940.,57558.,5702.,57558.,3499.
57658.,4416.,57658.,1210.,57658.,0.,57658.,3426.
57758.,895.,57758.,0.,57758.,34841.,57758.,0.
57858.,12238.,57858.,3928.,57858.,7017.,57858.,8055.
57958.,3663.,57958.,16657.,57958.,2837.,57958.,16230.
58058.,12053.,58058.,18001.,58058.,17696.,58058.,24241.
58158.,26460.,58158.,19079.,58158.,23597.,58158.,19770.
58258.,20725.,58258.,16852.,58258.,18616.,58258.,18062.
58358.,10879.,58358.,13520.,58358.,7036.,58358.,11593.
58458.,7639.,58458.,7113.,58458.,3115.,58458.,5862.
58558.,7315.,58558.,5759.,58558.,3692.,58558.,3509.
58658.,1545.,58658.,249.,58658.,0.,58658.,0.
58758.,0.,58758.,1106.,58758.,0.,58758.,3571.
58858.,5303.,58858.,367.,58858.,1720.,58858.,94.
58958.,4322.,58958.,2171.,58958.,2933.,58958.,7460.
59058.,1225.,59058.,4937.,59058.,1962.,59058.,6048.
59158.,1933.,59158.,0.,59158.,1778.,59158.,5107.
59258.,0.,59258.,0.,59258.,543.,59258.,0.
59358.,4606.,59358.,3322.,59358.,3034.,59358.,3531.
59458.,6891.,59458.,6314.,59458.,3146.,59458.,7414.
59558.,10888.,59558.,6718.,59558.,6239.,59558.,4546.
59658.,7876.,59658.,7723.,59658.,6665.,59658.,7833.
59758.,6655.,59758.,5277.,59758.,6906.,59758.,4653.
59858.,5104.,59858.,5304.,59858.,7247.,59858.,7980.
59958.,1988.,59958.,1260.,59958.,791.,59958.,2413.
60058.,19380.,60058.,0.,60058.,7974.,60058.,5074.
60158.,9416.,60158.,11620.,60158.,12292.,60158.,16806.
60258.,46.,60258.,16019.,60258.,2580.,60258.,13088.
60358.,19326.,60358.,19716.,60358.,19926.,60358.,17840.
60458.,22415.,60458.,17021.,60458.,17851.,60458.,18626.
60558.,16746.,60558.,18672.,60558.,15309.,60558.,11604.
60658.,4998.,60658.,9446.,60658.,6938.,60658.,6693.
60758.,5932.,60758.,6030.,60758.,4538.,60758.,905.
60858.,5163.,60858.,1510.,60858.,5159.,60858.,1641.
60958.,0.,60958.,0.,60958.,0.,60958.,0.
61058.,1321.,61058.,1720.,61058.,1651.,61058.,2739.
61158.,5444.,61158.,2371.,61158.,4666.,61158.,610.
61258.,3476.,61258.,1270.,61258.,4711.,61258.,5532.
61358.,0.,61358.,1535.,61358.,5162.,61358.,3788.
61458.,0.,61458.,0.,61458.,0.,61458.,0.
61558.,1085.,61558.,1008.,61558.,5743.,61558.,2316.
61658.,11349.,61658.,4587.,61658.,4620.,61658.,10025.
61758.,5393.,61758.,9372.,61758.,5828.,61758.,7843.
61858.,8067.,61858.,8313.,61858.,7052.,61858.,8958.
61958.,5786.,61958.,6155.,61958.,9069.,61958.,6408.
62058.,5564.,62058.,6184.,62058.,4903.,62058.,3804.
62158.,3198.,62158.,4372.,62158.,696.,62158.,1532.
62258.,1087.,62258.,5513.,62258.,2351.,62258.,2301.
62358.,10729.,62358.,548.,62358.,13895.,62358.,1145.
62458.,10194.,62458.,14460.,62458.,4973.,62458.,16911.
62558.,697.,62558.,15274.,62558.,3015.,62558.,11332.
62658.,26247.,62658.,22350.,62658.,28962.,62658.,29703.
62758.,22090.,62758.,17605.,62758.,16575.,62758.,17961.
62858.,17834.,62858.,12566.,62858.,16867.,62858.,20607.
62958.,9090.,62958.,6487.,62958.,8722.,62958.,11662.
63058.,3588.,63058.,5114.,63058.,5730.,63058.,1314.
63158.,2911.,63158.,590.,63158.,3360.,63158.,294.
63258.,0.,63258.,0.,63258.,0.,63258.,0.
63358.,3887.,63358.,1252.,63358.,2775.,63358.,2467.
63458.,639.,63458.,0.,63458.,4786.,63458.,0.
63558.,1345.,63558.,5927.,63558.,3808.,63558.,4223.
63659.,606.,63659.,0.,63659.,202.,63659.,0.
63758.,0.,63758.,337.,63758.,0.,63758.,0.
63858.,4529.,63858.,3715.,63858.,3565.,63858.,0.
63958.,9040.,63958.,5742.,63958.,7379.,63958.,9188.
64058.,5944.,64058.,8503.,64058.,13646.,64058.,9099.
64158.,5711.,64158.,7240.,64158.,9720.,64158.,9593.
64258.,4763.,64258.,6441.,64258.,7721.,64258.,6098.
64358.,7140.,64358.,3940.,64358.,5702.,64358.,3499.
64458.,3077.,64458.,2638.,64458.,0.,64458.,425.
64560.,895.,64560.,0.,64560.,34841.,64560.,0.
64660.,12238.,64660.,3928.,64660.,7017.,64660.,8055.
64760.,3663.,64760.,16657.,64760.,2837.,64760.,16230.
64859.,12053.,64859.,18001.,64859.,17696.,64859.,24241.
64959.,26460.,64959.,19079.,64959.,23597.,64959.,19770.
65059.,20725.,65059.,16852.,65059.,18616.,65059.,18062.
65159.,10879.,65159.,13520.,65159.,7036.,65159.,11593.
65259.,7639.,65259.,7113.,65259.,3115.,65259.,5862.
65359.,7315.,65359.,5759.,65359.,3692.,65359.,3509.
65460.,1545.,65460.,249.,65460.,0.,65460.,0.
65560.,0.,65560.,1106.,65560.,0.,65560.,3571.
65660.,5303.,65660.,367.,65660.,1720.,65660.,94.
65758.,4322.,65758.,2171.,65758.,2933.,65758.,7460.
65858.,1708.,65858.,2438.,65858.,867.,65858.,4322.
65958.,2381.,65958.,0.,65958.,0.,65958.,141.
66058.,703.,66058.,0.,66058.,6261.,66058.,0.
66158.,2363.,66158.,4530.,66158.,6106.,66158.,6269.
66258.,7802.,66258.,6807.,66258.,4186.,66258.,7369.
66358.,5470.,66358.,8980.,66358.,11873.,66358.,5601.
66458.,7688.,66458.,8701.,66458.,7852.,66458.,3695.
66558.,4418.,66558.,6242.,66558.,6790.,66558.,3788.
66658.,3847.,66658.,4021.,66658.,5501.,66658.,5574.
66758.,0.,66758.,3322.,66758.,3866.,66758.,4655.
66858.,13471.,66858.,5329.,66858.,2176.,66858.,0.
66958.,9416.,66958.,11620.,66958.,12292.,66958.,16806.
67058.,46.,67058.,16019.,67058.,2580.,67058.,13088.
67158.,19326.,67158.,19716.,67158.,19926.,67158.,17840.
67258.,22415.,67258.,17021.,67258.,17851.,67258.,18626.
67358.,16746.,67358.,18672.,67358.,15309.,67358.,11604.
67458.,4998.,67458.,9446.,67458.,6938.,67458.,6693.
67558.,5932.,67558.,6030.,67558.,4538.,67558.,905.
67658.,5163.,67658.,1510.,67658.,5159.,67658.,1641.
67758.,0.,67758.,0.,67758.,0.,67758.,0.
67858.,3460.,67858.,1735.,67858.,1064.,67858.,5844.
67958.,19.,67958.,2579.,67958.,379.,67958.,0.
68058.,3367.,68058.,4732.,68058.,5915.,68058.,4980.
68158.,1052.,68158.,0.,68158.,0.,68158.,2765.
68258.,0.,68258.,0.,68258.,0.,68258.,0.
68358.,0.,68358.,1998.,68358.,4973.,68358.,4393.
68458.,8531.,68458.,6450.,68458.,9820.,68458.,6688.
68558.,7171.,68558.,7319.,68558.,3412.,68558.,6131.
68658.,9359.,68658.,7011.,68658.,4341.,68658.,4829.
68758.,5765.,68758.,6843.,68758.,4762.,68758.,5165.
68858.,5564.,68858.,6184.,68858.,4903.,68858.,3804.
68958.,2292.,68958.,4167.,68958.,5155.,68958.,1297.
69058.,2244.,69058.,5840.,69058.,1387.,69058.,2806.
69158.,10245.,69158.,0.,69158.,15880.,69158.,2751.
69258.,6207.,69258.,16853.,69258.,3574.,69258.,16653.
69358.,5173.,69358.,17454.,69358.,11235.,69358.,20243.
69458.,27004.,69458.,21479.,69458.,25344.,69458.,23365.
69558.,20873.,69558.,17297.,69558.,15579.,69558.,14468.
69658.,13820.,69658.,13788.,69658.,13930.,69658.,14498.
69758.,8484.,69758.,4851.,69758.,6780.,69758.,7732.
69858.,5749.,69858.,5252.,69858.,3842.,69858.,6098.
69958.,4308.,69958.,0.,69958.,579.,69958.,0.
70058.,0.,70058.,0.,70058.,1140.,70058.,1171.
70158.,4240.,70158.,2509.,70158.,0.,70158.,3770.
70258.,3007.,70258.,3189.,70258.,5058.,70258.,5641.
70358.,1561.,70358.,4204.,70358.,5622.,70358.,5832.
70458.,1687.,70458.,661.,70458.,7335.,70458.,4813.
70558.,1233.,70558.,0.,70558.,0.,70558.,0.
70658.,2147.,70658.,4371.,70658.,4302.,70658.,975.
70758.,5282.,70758.,7219.,70758.,7321.,70758.,7640.
70858.,9911.,70858.,8737.,70858.,3141.,70858.,4336.
70958.,10132.,70958.,6585.,70958.,5058.,70958.,7122.
71058.,6491.,71058.,4344.,71058.,3076.,71058.,6799.
71158.,6905.,71158.,3902.,71158.,4400.,71158.,7831.
71258.,2803.,71258.,1187.,71258.,0.,71258.,2926.
71358.,5382.,71358.,0.,71358.,19244.,71358.,0.
71458.,14231.,71458.,13018.,71458.,8045.,71458.,6904.
71558.,0.,71558.,16598.,71558.,1997.,71558.,13360.
71658.,14902.,71658.,18435.,71658.,18762.,71658.,14567.
71758.,23490.,71758.,19155.,71758.,22133.,71758.,16551.
71858.,20128.,71858.,18134.,71858.,18627.,71858.,16777.
71958.,8676.,71958.,11512.,71958.,11781.,71958.,12597.
72058.,6629.,72058.,7865.,72058.,6743.,72058.,2478.
72158.,4430.,72158.,4423.,72158.,1319.,72158.,6312.
72258.,0.,72258.,0.,72258.,631.,72258.,0.
72358.,2314.,72358.,1064.,72358.,916.,72358.,2861.
72458.,3743.,72458.,280.,72458.,0.,72458.,69.
72558.,2515.,72558.,3041.,72558.,5051.,72558.,6648.
72658.,0.,72658.,3127.,72658.,4884.,72658.,300.
72758.,0.,72758.,2683.,72758.,3351.,72758.,0.
72858.,2909.,72858.,304.,72858.,3918.,72858.,2378.
72958.,3177.,72958.,5104.,72958.,10967.,72958.,8674.
73058.,4539.,73058.,7715.,73058.,5065.,73058.,6750.
73158.,4323.,73158.,9207.,73158.,7120.,73158.,7666.
73258.,7226.,73258.,7719.,73258.,3890.,73258.,6597.
73358.,6051.,73358.,6712.,73358.,3116.,73358.,3294.
73458.,3089.,73458.,3486.,73458.,2821.,73458.,2976.
73558.,1238.,73558.,5591.,73558.,2409.,73558.,2344.
73658.,11142.,73658.,4088.,73658.,5243.,73658.,6311.
73758.,6807.,73758.,15207.,73758.,8920.,73758.,15551.
73858.,2043.,73858.,17326.,73858.,1497.,73858.,9273.
73958.,22526.,73958.,19961.,73958.,24761.,73958.,25020.
74058.,23143.,74058.,16078.,74058.,15349.,74058.,18597.
74158.,13592.,74158.,17541.,74158.,12520.,74158.,14258.
74258.,7566.,74258.,9068.,74258.,4363.,74258.,10177.
74358.,3689.,74358.,4685.,74358.,4699.,74358.,234.
74458.,4071.,74458.,521.,74458.,5475.,74458.,1167.
74558.,0.,74558.,0.,74558.,0.,74558.,0.
74658.,5804.,74658.,2568.,74658.,361.,74658.,4442.
74758.,3460.,74758.,258.,74758.,3103.,74758.,0.
74858.,2816.,74858.,4073.,74858.,3450.,74858.,4274.
74958.,1052.,74958.,0.,74958.,0.,74958.,2765.
75058.,0.,75058.,0.,75058.,0.,75058.,0.
75158.,0.,75158.,1998.,75158.,4973.,75158.,4393.
75258.,8531.,75258.,6450.,75258.,9820.,75258.,6688.
75358.,7171.,75358.,7319.,75358.,3412.,75358.,6131.
75458.,9359.,75458.,7011.,75458.,4341.,75458.,4829.
75558.,5765.,75558.,6843.,75558.,4762.,75558.,5165.
75658.,2837.,75658.,6881.,75658.,7270.,75658.,4676.
75758.,0.,75758.,3337.,75758.,2674.,75758.,0.
75858.,4212.,75858.,6434.,75858.,2678.,75858.,2023.
75958.,12774.,75958.,2419.,75958.,11441.,75958.,7683.
76058.,4548.,76058.,16471.,76058.,7216.,76058.,15651.
76158.,7477.,76158.,15025.,76158.,14993.,76158.,22582.
76258.,26363.,76258.,21251.,76258.,25307.,76258.,22140.
76358.,21087.,76358.,17289.,76358.,15137.,76358.,17887.
76458.,11536.,76458.,14480.,76458.,11860.,76458.,12319.
76558.,7264.,76558.,6207.,76558.,5421.,76558.,5911.
76658.,4825.,76658.,6132.,76658.,2011.,76658.,7463.
76758.,2869.,76758.,0.,76758.,1499.,76758.,0.
76858.,0.,76858.,1666.,76858.,1629.,76858.,837.
76958.,4240.,76958.,2509.,76958.,0.,76958.,3770.
77058.,3007.,77058.,3189.,77058.,5058.,77058.,5641.
77158.,1561.,77158.,4204.,77158.,5622.,77158.,5832.
77258.,1687.,77258.,661.,77258.,7335.,77258.,4813.
77358.,1233.,77358.,0.,77358.,0.,77358.,0.
77458.,2147.,77458.,4371.,77458.,4302.,77458.,975.
77558.,5282.,77558.,7219.,77558.,7321.,77558.,7640.
77658.,9911.,77658.,8737.,77658.,3141.,77658.,4336.
77758.,10132.,77758.,6585.,77758.,5058.,77758.,7122.
77858.,6491.,77858.,4344.,77858.,3076.,77858.,6799.
77958.,6905.,77958.,3902.,77958.,4400.,77958.,7831.
78058.,2007.,78058.,1720.,78058.,1146.,78058.,2053.
78158.,14847.,78158.,0.,78158.,11778.,78158.,17711.
78258.,11724.,78258.,14923.,78258.,12660.,78258.,9973.
78358.,592.,78358.,16268.,78358.,4062.,78358.,13630.
78458.,16509.,78458.,19064.,78458.,18112.,78458.,14280.
78559.,23490.,78559.,19155.,78559.,22133.,78559.,16551.
78659.,20128.,78659.,18134.,78659.,18627.,78659.,16777.
78758.,8676.,78758.,11512.,78758.,11781.,78758.,12597.
78858.,6629.,78858.,7865.,78858.,6743.,78858.,2478.
78958.,4430.,78958.,4423.,78958.,1319.,78958.,6312.
79058.,0.,79058.,0.,79058.,631.,79058.,0.
79158.,2314.,79158.,1064.,79158.,916.,79158.,2861.
79258.,3743.,79258.,280.,79258.,0.,79258.,69.
79358.,2515.,79358.,3041.,79358.,5051.,79358.,6648.
79459.,0.,79459.,3127.,79459.,4884.,79459.,300.
79559.,0.,79559.,863.,79559.,0.,79559.,320.
79659.,2717.,79659.,288.,79659.,3892.,79659.,227.
79760.,7333.,79760.,4733.,79760.,5027.,79760.,11189.
79860.,6999.,79860.,6785.,79860.,10014.,79860.,7922.
79960.,9178.,79960.,8129.,79960.,9178.,79960.,8755.
80059.,7991.,80059.,6129.,80059.,9674.,80059.,8842.
80159.,6051.,80159.,6712.,80159.,3116.,80159.,3294.
80259.,3089.,80259.,3486.,80259.,2821.,80259.,2976.
80358.,1238.,80358.,5591.,80358.,2409.,80358.,2344.
80460.,11142.,80460.,4088.,80460.,5243.,80460.,6311.
80560.,6807.,80560.,15207.,80560.,8920.,80560.,15551.
80660.,1140.,80660.,17094.,80660.,3164.,80660.,10853.
80760.,22526.,80760.,19961.,80760.,24761.,80760.,25020.
80860.,23143.,80860.,16078.,80860.,15349.,80860.,18597.
80960.,13592.,80960.,17541.,80960.,12520.,80960.,14258.
81058.,7566.,81058.,9068.,81058.,4363.,81058.,10177.
81158.,3689.,81158.,4685.,81158.,4699.,81158.,234.
81258.,4071.,81258.,521.,81258.,5475.,81258.,1167.
81358.,0.,81358.,0.,81358.,0.,81358.,0.
81458.,5804.,81458.,2568.,81458.,361.,81458.,4442.
81558.,3460.,81558.,258.,81558.,3103.,81558.,0.
81658.,2816.,81658.,4073.,81658.,3450.,81658.,4274.
81758.,3260.,81758.,0.,81758.,0.,81758.,30.
81858.,0.,81858.,0.,81858.,0.,81858.,0.
81958.,0.,81958.,1998.,81958.,4973.,81958.,4393.
82058.,8531.,82058.,6450.,82058.,9820.,82058.,6688.
82158.,7171.,82158.,7319.,82158.,3412.,82158.,6131.
82258.,9359.,82258.,7011.,82258.,4341.,82258.,4829.
82358.,5765.,82358.,6843.,82358.,4762.,82358.,5165.
82458.,2837.,82458.,6881.,82458.,7270.,82458.,4676.
82558.,0.,82558.,3337.,82558.,2674.,82558.,0.
82658.,4212.,82658.,6434.,82658.,2678.,82658.,2023.
82758.,12774.,82758.,2419.,82758.,11441.,82758.,7683.
82858.,4548.,82858.,16471.,82858.,7216.,82858.,15651.
82958.,7477.,82958.,15025.,82958.,14993.,82958.,22582.
83058.,26363.,83058.,21251.,83058.,25307.,83058.,22140.
83158.,21087.,83158.,17289.,83158.,15137.,83158.,17887.
83258.,11536.,83258.,14480.,83258.,11860.,83258.,12319.
83358.,7264.,83358.,6207.,83358.,5421.,83358.,5911.
83458.,4825.,83458.,6132.,83458.,2011.,83458.,7463.
83558.,2869.,83558.,0.,83558.,1499.,83558.,0.
83658.,0.,83658.,1666.,83658.,1629.,83658.,837.
83758.,4699.,83758.,2378.,83758.,841.,83758.,2382.
83858.,3007.,83858.,3189.,83858.,5058.,83858.,5641.
83958.,1561.,83958.,4204.,83958.,5622.,83958.,5832.
84058.,1687.,84058.,661.,84058.,7335.,84058.,4813.
84158.,1233.,84158.,0.,84158.,0.,84158.,0.
84258.,2147.,84258.,4371.,84258.,4302.,84258.,975.
84358.,5282.,84358.,7219.,84358.,7321.,84358.,7640.
84458.,9911.,84458.,8737.,84458.,3141.,84458.,4336.
84558.,10132.,84558.,6585.,84558.,5058.,84558.,7122.
84658.,6491.,84658.,4344.,84658.,3076.,84658.,6799.
84758.,6905.,84758.,3902.,84758.,4400.,84758.,7831.
84858.,2007.,84858.,1720.,84858.,1146.,84858.,2053.
84958.,5382.,84958.,0.,84958.,19244.,84958.,0.
85058.,14231.,85058.,13018.,85058.,8045.,85058.,6904.
85158.,0.,85158.,16598.,85158.,1997.,85158.,13360.
85258.,13476.,85258.,19836.,85258.,20236.,85258.,19973.
85358.,25281.,85358.,20317.,85358.,20725.,85358.,17681.
85458.,20277.,85458.,16886.,85458.,20894.,85458.,18711.
85558.,9596.,85558.,12017.,85558.,12330.,85558.,14647.
85658.,7376.,85658.,6210.,85658.,5280.,85658.,4005.
85758.,2899.,85758.,2948.,85758.,5718.,85758.,4822.
85858.,1183.,85858.,0.,85858.,0.,85858.,0.
85958.,2639.,85958.,2341.,85958.,0.,85958.,3237.
86058.,3166.,86058.,1278.,86058.,994.,86058.,179.
86158.,4322.,86158.,2171.,86158.,2933.,86158.,7460.
86258.,1708.,86258.,2438.,86258.,867.,86258.,4322.
86358.,2381.,86358.,0.,86358.,0.,86358.,141.
86458.,703.,86458.,0.,86458.,6261.,86458.,0.
86558.,2363.,86558.,4530.,86558.,6106.,86558.,6269.
86658.,7802.,86658.,6807.,86658.,4186.,86658.,7369.
86758.,5470.,86758.,8980.,86758.,11873.,86758.,5601.
86858.,7688.,86858.,8701.,86858.,7852.,86858.,3695.
86958.,4418.,86958.,6242.,86958.,6790.,86958.,3788.
87058.,3847.,87058.,4021.,87058.,5501.,87058.,5574.
87158.,0.,87158.,3322.,87158.,3866.,87158.,4655.
87258.,13471.,87258.,5329.,87258.,2176.,87258.,0.
87358.,11979.,87358.,12251.,87358.,13546.,87358.,13556.
87458.,46.,87458.,16019.,87458.,2580.,87458.,13088.
87558.,19326.,87558.,19716.,87558.,19926.,87558.,17840.
87658.,22415.,87658.,17021.,87658.,17851.,87658.,18626.
87758.,16746.,87758.,18672.,87758.,15309.,87758.,11604.
87858.,4998.,87858.,9446.,87858.,6938.,87858.,6693.
87958.,5932.,87958.,6030.,87958.,4538.,87958.,905.
88058.,5163.,88058.,1510.,88058.,5159.,88058.,1641.
88158.,0.,88158.,0.,88158.,0.,88158.,0.
88258.,3460.,88258.,1735.,88258.,1064.,88258.,5844.
88358.,19.,88358.,2579.,88358.,379.,88358.,0.
88458.,3367.,88458.,4732.,88458.,5915.,88458.,4980.
88558.,1052.,88558.,0.,88558.,0.,88558.,2765.
88658.,0.,88658.,0.,88658.,0.,88658.,0.
88758.,1085.,88758.,1008.,88758.,5743.,88758.,2316.
88858.,11349.,88858.,4587.,88858.,4620.,88858.,10025.
88958.,5393.,88958.,9372.,88958.,5828.,88958.,7843.
89058.,8067.,89058.,8313.,89058.,7052.,89058.,8958.
89158.,5786.,89158.,6155.,89158.,9069.,89158.,6408.
89258.,5564.,89258.,6184.,89258.,4903.,89258.,3804.
89358.,2292.,89358.,4167.,89358.,5155.,89358.,1297.
89458.,2244.,89458.,5840.,89458.,1387.,89458.,2806.
89558.,10245.,89558.,0.,89558.,15880.,89558.,2751.
89658.,6207.,89658.,16853.,89658.,3574.,89658.,16653.
89758.,697.,89758.,15274.,89758.,3015.,89758.,11332.
89858.,26247.,89858.,22350.,89858.,28962.,89858.,29703.
89958.,22090.,89958.,17605.,89958.,16575.,89958.,17961.
90058.,17834.,90058.,12566.,90058.,16867.,90058.,20607.
90158.,9090.,90158.,6487.,90158.,8722.,90158.,11662.
90258.,3864.,90258.,5160.,90258.,5386.,90258.,4330.
90358.,4127.,90358.,0.,90358.,1978.,90358.,258.
90458.,1086.,90458.,0.,90458.,0.,90458.,354.
90558.,2038.,90558.,1223.,90558.,5419.,90558.,3763.
90658.,311.,90658.,834.,90658.,3298.,90658.,2664.
90758.,2442.,90758.,4577.,90758.,7199.,90758.,4570.
90858.,0.,90858.,0.,90858.,527.,90858.,0.
90958.,0.,90958.,0.,90958.,0.,90958.,0.
91058.,4015.,91058.,4304.,91058.,4253.,91058.,468.
91158.,8555.,91158.,7331.,91158.,7243.,91158.,7212.
91258.,5944.,91258.,8503.,91258.,13646.,91258.,9099.
91358.,5711.,91358.,7240.,91358.,9720.,91358.,9593.
91458.,4763.,91458.,6441.,91458.,7721.,91458.,6098.
91558.,7140.,91558.,3940.,91558.,5702.,91558.,3499.
91658.,4416.,91658.,1210.,91658.,0.,91658.,3426.
91758.,895.,91758.,0.,91758.,34841.,91758.,0.
91858.,13653.,91858.,10155.,91858.,11605.,91858.,7234.
91958.,3747.,91958.,17347.,91958.,4144.,91958.,16169.
92058.,13476.,92058.,19836.,92058.,20236.,92058.,19973.
92158.,25281.,92158.,20317.,92158.,20725.,92158.,17681.
92258.,20277.,92258.,16886.,92258.,20894.,92258.,18711.
92358.,9596.,92358.,12017.,92358.,12330.,92358.,14647.
92458.,7376.,92458.,6210.,92458.,5280.,92458.,4005.
92558.,2899.,92558.,2948.,92558.,5718.,92558.,4822.
92658.,1183.,92658.,0.,92658.,0.,92658.,0.
92758.,2639.,92758.,2341.,92758.,0.,92758.,3237.
92858.,3166.,92858.,1278.,92858.,994.,92858.,179.
92958.,5120.,92958.,2865.,92958.,6012.,92958.,9133.
93058.,1438.,93058.,1600.,93058.,3130.,93058.,1213.
93158.,0.,93158.,2683.,93158.,3351.,93158.,0.
93258.,2909.,93258.,304.,93258.,3918.,93258.,2378.
93358.,2363.,93358.,4530.,93358.,6106.,93358.,6269.
93459.,7802.,93459.,6807.,93459.,4186.,93459.,7369.
93558.,5470.,93558.,8980.,93558.,11873.,93558.,5601.
93659.,7688.,93659.,8701.,93659.,7852.,93659.,3695.
93759.,4418.,93759.,6242.,93759.,6790.,93759.,3788.
93859.,3847.,93859.,4021.,93859.,5501.,93859.,5574.
93958.,0.,93958.,3322.,93958.,3866.,93958.,4655.
94058.,13471.,94058.,5329.,94058.,2176.,94058.,0.
94158.,11979.,94158.,12251.,94158.,13546.,94158.,13556.
94260.,46.,94260.,16019.,94260.,2580.,94260.,13088.
94359.,19326.,94359.,19716.,94359.,19926.,94359.,17840.
94459.,22415.,94459.,17021.,94459.,17851.,94459.,18626.
94559.,16746.,94559.,18672.,94559.,15309.,94559.,11604.
94660.,6874.,94660.,11720.,94660.,9763.,94660.,7164.
94759.,3380.,94759.,7900.,94759.,4927.,94759.,1463.
94860.,7887.,94860.,4015.,94860.,3384.,94860.,4088.
94960.,0.,94960.,0.,94960.,0.,94960.,0.
95059.,1321.,95059.,1720.,95059.,1651.,95059.,2739.
95158.,5444.,95158.,2371.,95158.,4666.,95158.,610.
95258.,3476.,95258.,1270.,95258.,4711.,95258.,5532.
95358.,0.,95358.,1535.,95358.,5162.,95358.,3788.
95460.,0.,95460.,0.,95460.,0.,95460.,0.
95560.,1085.,95560.,1008.,95560.,5743.,95560.,2316.
95660.,7333.,95660.,4733.,95660.,5027.,95660.,11189.
95760.,6999.,95760.,6785.,95760.,10014.,95760.,7922.
95860.,9178.,95860.,8129.,95860.,9178.,95860.,8755.
95958.,7991.,95958.,6129.,95958.,9674.,95958.,8842.
96058.,7109.,96058.,5517.,96058.,2134.,96058.,3177.
96158.,3198.,96158.,4372.,96158.,696.,96158.,1532.
96258.,1087.,96258.,5513.,96258.,2351.,96258.,2301.
96358.,10729.,96358.,548.,96358.,13895.,96358.,1145.
96458.,10194.,96458.,14460.,96458.,4973.,96458.,16911.
96558.,697.,96558.,15274.,96558.,3015.,96558.,11332.
96658.,26247.,96658.,22350.,96658.,28962.,96658.,29703.
96758.,22090.,96758.,17605.,96758.,16575.,96758.,17961.
96858.,17834.,96858.,12566.,96858.,16867.,96858.,20607.
96958.,9090.,96958.,6487.,96958.,8722.,96958.,11662.
97058.,3864.,97058.,5160.,97058.,5386.,97058.,4330.
97158.,2911.,97158.,590.,97158.,3360.,97158.,294.
97258.,0.,97258.,0.,97258.,0.,97258.,0.
97358.,3887.,97358.,1252.,97358.,2775.,97358.,2467.
97458.,639.,97458.,0.,97458.,4786.,97458.,0.
97558.,1345.,97558.,5927.,97558.,3808.,97558.,4223.
97658.,606.,97658.,0.,97658.,202.,97658.,0.
97758.,0.,97758.,337.,97758.,0.,97758.,0.
97858.,4529.,97858.,3715.,97858.,3565.,97858.,0.
97958.,9040.,97958.,5742.,97958.,7379.,97958.,9188.
98058.,5944.,98058.,8503.,98058.,13646.,98058.,9099.
98158.,5711.,98158.,7240.,98158.,9720.,98158.,9593.
98258.,4763.,98258.,6441.,98258.,7721.,98258.,6098.
98358.,7140.,98358.,3940.,98358.,5702.,98358.,3499.
98458.,4416.,98458.,1210.,98458.,0.,98458.,3426.
98558.,895.,98558.,0.,98558.,34841.,98558.,0.
98658.,13653.,98658.,10155.,98658.,11605.,98658.,7234.
98758.,3747.,98758.,17347.,98758.,4144.,98758.,16169.
98858.,13476.,98858.,19836.,98858.,20236.,98858.,19973.
98958.,26460.,98958.,19079.,98958.,23597.,98958.,19770.
99058.,20725.,99058.,16852.,99058.,18616.,99058.,18062.
99158.,10879.,99158.,13520.,99158.,7036.,99158.,11593.
99258.,7639.,99258.,7113.,99258.,3115.,99258.,5862.
99358.,7315.,99358.,5759.,99358.,3692.,99358.,3509.
99458.,1545.,99458.,249.,99458.,0.,99458.,0.
99558.,0.,99558.,1106.,99558.,0.,99558.,3571.
99658.,5303.,99658.,367.,99658.,1720.,99658.,94.
99758.,4322.,99758.,2171.,99758.,2933.,99758.,7460.
99858.,1708.,99858.,2438.,99858.,867.,99858.,4322.
99958.,2381.,99958.,0.,99958.,0.,99958.,141.
100058.,703.,100058.,0.,100058.,6261.,100058.,0.
100158.,4606.,100158.,3322.,100158.,3034.,100158.,3531.
100258.,6891.,100258.,6314.,100258.,3146.,100258.,7414.
100358.,10888.,100358.,6718.,100358.,6239.,100358.,4546.
100458.,7876.,100458.,7723.,100458.,6665.,100458.,7833.
100558.,6491.,100558.,4344.,100558.,3076.,100558.,6799.
100658.,6905.,100658.,3902.,100658.,4400.,100658.,7831.
100758.,2007.,100758.,1720.,100758.,1146.,100758.,2053.
100858.,14847.,100858.,0.,100858.,11778.,100858.,17711.
100958.,11724.,100958.,14923.,100958.,12660.,100958.,9973.
101058.,592.,101058.,16268.,101058.,4062.,101058.,13630.
101158.,16509.,101158.,19064.,101158.,18112.,101158.,14280.
101258.,23077.,101258.,17385.,101258.,17084.,101258.,16713.
101358.,20128.,101358.,18134.,101358.,18627.,101358.,16777.
101458.,8676.,101458.,11512.,101458.,11781.,101458.,12597.
101558.,6629.,101558.,7865.,101558.,6743.,101558.,2478.
101658.,4430.,101658.,4423.,101658.,1319.,101658.,6312.
101758.,0.,101758.,0.,101758.,631.,101758.,0.
101858.,2314.,101858.,1064.,101858.,916.,101858.,2861.
101958.,3743.,101958.,280.,101958.,0.,101958.,69.
102058.,2515.,102058.,3041.,102058.,5051.,102058.,6648.
102158.,0.,102158.,3127.,102158.,4884.,102158.,300.
102258.,0.,102258.,863.,102258.,0.,102258.,320.
102358.,2717.,102358.,288.,102358.,3892.,102358.,227.
102458.,7333.,102458.,4733.,102458.,5027.,102458.,11189.
102558.,4539.,102558.,7715.,102558.,5065.,102558.,6750.
102658.,4323.,102658.,9207.,102658.,7120.,102658.,7666.
102758.,7226.,102758.,7719.,102758.,3890.,102758.,6597.
102858.,6051.,102858.,6712.,102858.,3116.,102858.,3294.
102958.,3089.,102958.,3486.,102958.,2821.,102958.,2976.
103058.,1238.,103058.,5591.,103058.,2409.,103058.,2344.
103158.,11142.,103158.,4088.,103158.,5243.,103158.,6311.
103258.,6807.,103258.,15207.,103258.,8920.,103258.,15551.
103358.,1140.,103358.,17094.,103358.,3164.,103358.,10853.
103458.,26285.,103458.,21431.,103458.,26658.,103458.,27712.
103558.,21238.,103558.,16333.,103558.,16565.,103558.,20086.
103658.,15307.,103658.,12943.,103658.,12465.,103658.,19913.
103758.,7566.,103758.,9068.,103758.,4363.,103758.,10177.
103858.,3689.,103858.,4685.,103858.,4699.,103858.,234.
103958.,4071.,103958.,521.,103958.,5475.,103958.,1167.
104058.,0.,104058.,0.,104058.,0.,104058.,0.
104158.,5804.,104158.,2568.,104158.,361.,104158.,4442.
104258.,3460.,104258.,258.,104258.,3103.,104258.,0.
104358.,3367.,104358.,4732.,104358.,5915.,104358.,4980.
104458.,1052.,104458.,0.,104458.,0.,104458.,2765.
104558.,0.,104558.,0.,104558.,0.,104558.,0.
